Club,Nickname,Last Name,First Name,Position,2022 Base Salary,2022 Guar. Comp.
Atlanta United,,Almada,Thiago ,M-F,"$1,650,000.00","$2,332,000.00"
Atlanta United,,Alonso,Osvaldo,M,"$84,000.00","$84,000.00"
Atlanta United,Mikey,Ambrose,Mikey,D,"$85,444.00","$85,444.00"
Atlanta United,,Araujo,Luiz ,F-M,"$3,600,000.00","$4,480,333.00"
Atlanta United,,Barco,Ezequiel,M,"$2,200,000.00","$2,200,000.00"
Atlanta United,,Campbell,George,D,"$98,000.00","$98,000.00"
Atlanta United,,Castanheira,Dylan,GK,"$85,444.00","$85,444.00"
Atlanta United,,Centeno,Erik ,D,"$65,500.00","$75,276.00"
Atlanta United,,Chol,Machop,M,"$65,500.00","$65,500.00"
Atlanta United,,Cisneros,Ronaldo ,F,"$244,000.00","$244,000.00"
Atlanta United,,Conway,Jackson,F,"$84,000.00","$84,000.00"
Atlanta United,,De John,Alex,D,"$85,444.00","$85,444.00"
Atlanta United,,Dwyer,Dom,F,"$84,000.00","$84,000.00"
Atlanta United,,Franco,Alan,D,"$540,000.00","$667,500.00"
Atlanta United,,Garces,Justin ,GK,"$65,500.00","$65,500.00"
Atlanta United,,Gudiño,Raúl ,GK,"$200,000.00","$247,333.00"
Atlanta United,,Gutman,Andrew,D,"$300,000.00","$331,250.00"
Atlanta United,,Guzan,Brad,GK,"$445,716.00","$458,216.00"
Atlanta United,,Hernandez,Ronald,D,"$300,000.00","$300,000.00"
Atlanta United,,Hyndman,Emerson,M,"$657,143.00","$657,143.00"
Atlanta United,,Ibarra,Franco,D-M,"$450,000.00","$520,000.00"
Atlanta United,,Lennon,Brooks,D,"$500,000.00","$500,000.00"
Atlanta United,,Lopez Samaniego,Erik ,F,"$360,000.00","$528,300.00"
Atlanta United,,Martinez,Josef,F,"$3,750,000.00","$4,141,667.00"
Atlanta United,,McFadden,Aiden ,D,"$65,500.00","$65,500.00"
Atlanta United,,Morales,Efrain,D,"$65,500.00","$65,500.00"
Atlanta United,,Moreno,Marcelino,F-M,"$460,000.00","$568,333.00"
Atlanta United,,Mosquera,Edwin ,M-F,"$300,000.00","$337,000.00"
Atlanta United,,Purata ,Juan Jose,D,"$400,000.00","$483,500.00"
Atlanta United,,Rios-Novo,Rocco ,GK,"$108,000.00","$115,530.00"
Atlanta United,,Robinson,Miles,D,"$700,000.00","$737,500.00"
Atlanta United,,Rossetto,Matheus,M,"$550,000.00","$662,500.00"
Atlanta United,,Sejdic,Amar,M,"$85,444.00","$85,444.00"
Atlanta United,,Sosa,Santiago,M-F,"$525,000.00","$643,100.00"
Atlanta United,,Washington,Bryce,D,"$65,500.00","$65,500.00"
Atlanta United,,Wiley ,Caleb ,D,"$65,500.00","$67,100.00"
Atlanta United,,Wolff,Tyler,F-M,"$110,000.00","$114,500.00"
Austin FC,,Asensio,Carlos ,D,"$65,500.00","$65,500.00"
Austin FC,,Cascante,Julio,D,"$310,000.00","$337,500.00"
Austin FC,,Corozo ,Washington ,F,"$300,000.00","$327,500.00"
Austin FC,,Djitte,Moussa,F,"$550,000.00","$550,000.00"
Austin FC,,Driussi,Sebastian,F,"$2,200,000.00","$2,317,000.00"
Austin FC,,Fagundez,Diego,M,"$450,000.00","$450,000.00"
Austin FC,,Finlay,Ethan,M,"$350,000.00","$350,000.00"
Austin FC,,Gabrielsen,Ruben,D,"$950,000.00","$950,000.00"
Austin FC,,Gallagher,Jon,D,"$155,000.00","$155,000.00"
Austin FC,,Hoesen,Danny,F,"$650,000.00","$716,667.00"
Austin FC,,Jimenez,Hector,D,"$200,000.00","$200,000.00"
Austin FC,,Keller ,Kipp ,D,"$84,000.00","$96,500.00"
Austin FC,,Kleeman,Freddy,D,"$66,724.00","$66,724.00"
Austin FC,,Kolmanic,Zan,D,"$300,000.00","$300,000.00"
Austin FC,,Las,Damian,GK,"$65,500.00","$65,500.00"
Austin FC,,Lima,Nick,D,"$350,000.00","$350,000.00"
Austin FC,,Martins,Felipe,M,"$84,000.00","$84,000.00"
Austin FC,,Pereira,Danny,M,"$84,000.00","$102,258.00"
Austin FC,,Pochettino,Tomas,M,"$525,000.00","$585,000.00"
Austin FC,,Pulisic,William ,GK,"$66,724.00","$66,724.00"
Austin FC,,Redes,Rodney,F,"$412,500.00","$412,500.00"
Austin FC,,Rigoni,Emiliano,M,"$1,846,152.00","$2,294,152.00"
Austin FC,,Ring,Alexander,M,"$1,500,000.00","$1,640,000.00"
Austin FC,,Romana,Jhohan,D,"$440,000.00","$440,000.00"
Austin FC,,Stroud,Jared,M,"$84,000.00","$84,000.00"
Austin FC,,Stuver,Brad,GK,"$175,000.00","$185,000.00"
Austin FC,,Tarbell,Andrew,GK,"$300,000.00","$308,333.00"
Austin FC,,Urruti,Maximiliano,F,"$625,000.00","$661,250.00"
Austin FC,,Valencia ,Jhojan,M,"$355,000.00","$400,125.00"
Austin FC,,Wolff,Owen ,M,"$65,500.00","$78,553.00"
CF Montreal,,Assi,Jean-Aniel,M,"$66,724.00","$74,104.00"
CF Montreal,,Bassong,Zorhan,D,"$125,000.00","$137,500.00"
CF Montreal,,Brault-Guillard,Zachary,D,"$275,000.00","$319,375.00"
CF Montreal,,Breza,Sebastian,GK,"$84,000.00","$84,000.00"
CF Montreal,,Camacho,Rudy,D,"$500,000.00","$554,000.00"
CF Montreal,,Choiniere,Mathieu,M,"$125,000.00","$134,238.00"
CF Montreal,,Corbo,Gabriele ,D,"$120,192.00","$120,192.00"
CF Montreal,,Ferdinand,Keesean,D,"$89,716.00","$99,936.00"
CF Montreal,,Giraldo,Tomas,M,"$110,000.00","$121,000.00"
CF Montreal,,Hamdi,Ahmed,M,"$475,000.00","$572,500.00"
CF Montreal,,Ibrahim,Sunusi,F,"$200,000.00","$291,250.00"
CF Montreal,,Johnsen,Bjorn,F,"$1,100,000.00","$1,236,667.00"
CF Montreal,,Johnston,Alistair,M-D,"$400,000.00","$445,625.00"
CF Montreal,,Kamara,Kei,F,"$84,000.00","$94,000.00"
CF Montreal,,Ketterer,Logan,GK,"$84,000.00","$84,000.00"
CF Montreal,,Koné,Ismael,M,"$65,500.00","$68,125.00"
CF Montreal,,Kwizera,Jojea,M,"$65,500.00","$65,500.00"
CF Montreal,,Lappalainen,Lassi,M,"$510,000.00","$540,000.00"
CF Montreal,,Mihailovic,Djordje,M,"$700,000.00","$751,875.00"
CF Montreal,,Miljevic,Matko,M,"$545,455.00","$593,364.00"
CF Montreal,,Miller,Kamal,D,"$300,000.00","$345,000.00"
CF Montreal,,Offor,Chinonso,F,"$159,996.00","$209,396.00"
CF Montreal,,Pantemis,James,GK,"$145,000.00","$160,833.00"
CF Montreal,,Piette,Samuel,M,"$400,000.00","$429,750.00"
CF Montreal,,Quioto,Romell,F,"$800,000.00","$885,000.00"
CF Montreal,,Rea,Sean,,"$66,724.00","$74,809.00"
CF Montreal,,Saliba,Nathan-Dylan,,"$66,724.00","$77,200.00"
CF Montreal,,Sirois,Jonathan,GK,"$84,000.00","$88,319.00"
CF Montreal,,Thorkelsson,Robert ,D,"$150,000.00","$173,500.00"
CF Montreal,,Torres,Joaquin,M,"$230,000.00","$279,800.00"
CF Montreal,,Toye,Mason,F,"$500,000.00","$558,000.00"
CF Montreal,,Wanyama,Victor,M,"$2,400,000.00","$3,091,667.00"
CF Montreal,,Waterman,Joel,D,"$125,000.00","$133,909.00"
CF Montreal,,Yao,Karifa,D,"$85,444.00","$89,933.00"
CF Montreal,,Zouhir,Rida,M,"$66,724.00","$74,809.00"
Charlotte FC,,Afful,Harrison,D,"$300,000.00","$332,500.00"
Charlotte FC,,Alcivar,Jordy ,M,"$235,000.00","$325,600.00"
Charlotte FC,,Armour,Adam,D,"$65,500.00","$65,500.00"
Charlotte FC,,Bender,Benjamin ,M,"$65,500.00","$83,000.00"
Charlotte FC,,Bronico,Brandt,M,"$125,000.00","$134,330.00"
Charlotte FC,,Byrne,Nathan ,F,"$560,000.00","$607,833.00"
Charlotte FC,,Corujo,Guzman,D,"$600,000.00","$633,500.00"
Charlotte FC,,Franco,Alan Steven,M,"$480,000.00","$538,300.00"
Charlotte FC,,Fuchs,Christian ,D,"$375,000.00","$375,000.00"
Charlotte FC,,Gaines,McKinze,F,"$84,000.00","$86,750.00"
Charlotte FC,,Hegardt ,Christopher ,M,"$65,500.00","$73,012.00"
Charlotte FC,,Jones,Derrick,M,"$185,000.00","$207,969.00"
Charlotte FC,,Jóźwiak,Kamil,F-M,"$900,000.00","$1,017,000.00"
Charlotte FC,,Kahlina,Kristijan,GK,"$425,000.00","$451,875.00"
Charlotte FC,,Lindsey,Jaylin,D,"$200,000.00","$235,625.00"
Charlotte FC,,Malanda,Adilson,D,"$250,000.00","$278,083.00"
Charlotte FC,,Marks ,George ,GK,"$65,500.00","$65,500.00"
Charlotte FC,,McNeill,Quinn ,M,"$65,500.00","$65,500.00"
Charlotte FC,,Mello,Vinicius,F,"$300,000.00","$334,900.00"
Charlotte FC,,Mora,Joseph,D,"$200,000.00","$200,000.00"
Charlotte FC,,Reyna,Yordy,M-F,"$797,500.00","$797,500.00"
Charlotte FC,,Rios,Daniel,F,"$230,000.00","$251,500.00"
Charlotte FC,,Romero,Brian ,M,"$65,500.00","$76,333.00"
Charlotte FC,Laukoa ,Santos,Koa,D,"$65,500.00","$65,500.00"
Charlotte FC,,Santos,Nuno,M,"$500,000.00","$561,387.00"
Charlotte FC,,Shinyashiki,Andre,F,"$140,000.00","$150,000.00"
Charlotte FC,,Sisniega,Pablo,GK,"$180,000.00","$200,667.00"
Charlotte FC,,Sobocinski,Jan ,D,"$325,000.00","$351,250.00"
Charlotte FC,,Świderski,Karol,F,"$2,200,000.00","$2,258,000.00"
Charlotte FC,,Vargas,Kerwin,F,"$350,000.00","$392,167.00"
Charlotte FC,,Walkes,Anton,D,"$325,000.00","$353,594.00"
Charlotte FC,,Zendejas,Adrian,GK,"$84,000.00","$91,986.00"
Chicago Fire,,Bezerra,Victor ,F,"$84,000.00","$96,461.00"
Chicago Fire,,Bornstein,Jonathan,D,"$300,000.00","$330,000.00"
Chicago Fire,,Brady,Chris,GK,"$159,996.00","$183,246.00"
Chicago Fire,,Burks,Kendall ,D,"$84,000.00","$84,000.00"
Chicago Fire,,Casas,Javier,M,"$84,000.00","$85,900.00"
Chicago Fire,,Czichos,Rafael ,D,"$1,300,000.00","$1,336,667.00"
Chicago Fire,,Duran,Jhon Jader,F,"$120,000.00","$167,000.00"
Chicago Fire,,Espinoza,Jhon,D,"$216,000.00","$242,500.00"
Chicago Fire,,Gimenez,Gaston,M,"$2,060,000.00","$2,360,667.00"
Chicago Fire,,Gutierrez,Brian,M,"$104,000.00","$105,900.00"
Chicago Fire,,Herbers,Fabian,M,"$260,000.00","$281,250.00"
Chicago Fire,,Ivanov,Stanislav,M,"$300,000.00","$359,000.00"
Chicago Fire,,Monis,Alex,M,"$84,000.00","$85,900.00"
Chicago Fire,,Mueller,Chris,M,"$549,996.00","$612,316.00"
Chicago Fire,,Navarro,Miguel Angel,D,"$200,004.00","$240,204.00"
Chicago Fire,,Navarro,Federico,M,"$200,004.00","$275,004.00"
Chicago Fire,,Omsberg,Wyatt,D,"$140,000.00","$157,000.00"
Chicago Fire,,Oregel,Sergio ,M,"$65,500.00","$65,500.00"
Chicago Fire,,Pineda,Mauricio,D-M,"$225,000.00","$248,875.00"
Chicago Fire,,Przybylko,Kacper,F,"$1,100,004.00","$1,212,504.00"
Chicago Fire,,Reynolds,Andre,D,"$90,000.00","$98,000.00"
Chicago Fire,,Richey,Spencer,GK,"$132,000.00","$132,000.00"
Chicago Fire,,Rodriguez,Allan,M,"$84,000.00","$85,900.00"
Chicago Fire,,Rodriguez,Missael ,F,"$65,500.00","$65,500.00"
Chicago Fire,,Sekulic,Boris,D,"$596,000.00","$668,900.00"
Chicago Fire,,Shaqiri,Xherdan,M,"$7,350,000.00","$8,153,000.00"
Chicago Fire,,Slonina,Gabriel,GK,"$143,000.00","$147,800.00"
Chicago Fire,,Teran,Carlos ,D,"$200,000.00","$255,440.00"
Chicago Fire,,Torres ,Jairo ,M,"$849,996.00","$1,219,329.00"
Colorado Rapids,,Abubakar,Lalas,D,"$235,000.00","$272,125.00"
Colorado Rapids,,Acosta,Bryan,M,"$650,000.00","$706,667.00"
Colorado Rapids,,Anderson,Sebastian,D,"$105,000.00","$106,667.00"
Colorado Rapids,,Barrios,Michael,M,"$650,000.00","$680,000.00"
Colorado Rapids,,Bassett,Cole,M,"$450,000.00","$450,000.00"
Colorado Rapids,,Beitashour,Steven,D,"$150,000.00","$172,500.00"
Colorado Rapids,,Edwards,Michael,D,"$84,000.00","$84,000.00"
Colorado Rapids,,Esteves ,Lucas ,D,"$373,032.00","$426,092.00"
Colorado Rapids,,Galvan,Braian,F,"$318,000.00","$414,322.00"
Colorado Rapids,,Gutierrez,Felipe,M,"$552,000.00","$569,250.00"
Colorado Rapids,,Irwin,Clint,GK,"$200,000.00","$213,300.00"
Colorado Rapids,,Keita,Aboubacar,D,"$135,000.00","$135,000.00"
Colorado Rapids,,Larraz,Oliver,M,"$65,500.00","$65,500.00"
Colorado Rapids,,Lewis,Jonathan,F,"$410,000.00","$435,000.00"
Colorado Rapids,,Markanich ,Anthony,D,"$65,500.00","$65,500.00"
Colorado Rapids,,Mayaka,Philip,M,"$100,000.00","$113,000.00"
Colorado Rapids,,Moor,Drew,D,"$150,000.00","$172,500.00"
Colorado Rapids,,Nicholson,Sam,M,"$300,000.00","$335,313.00"
Colorado Rapids,,Price,Jack,M,"$662,500.00","$725,000.00"
Colorado Rapids,,Priso,Ralph,M,"$85,444.00","$89,195.00"
Colorado Rapids,,Rodriguez,Abraham,GK,"$84,000.00","$84,000.00"
Colorado Rapids,,Rosenberry,Keegan,D,"$400,000.00","$400,000.00"
Colorado Rapids,,Rubio Kostner,Diego,F,"$585,000.00","$629,583.00"
Colorado Rapids,Yaya,Toure,"Dantouma ""Yaya""",F,"$65,500.00","$80,118.00"
Colorado Rapids,,Travis,Jackson ,M,"$65,500.00","$68,000.00"
Colorado Rapids,,Vallecilla,Gustavo ,D,"$312,000.00","$344,880.00"
Colorado Rapids,,Warner,Collen,M,"$84,000.00","$84,000.00"
Colorado Rapids,,Wilson,Danny,D,"$330,000.00","$354,750.00"
Colorado Rapids,,Yapi,Darren,F,"$65,500.00","$76,333.00"
Colorado Rapids,,Yarbrough,William,GK,"$300,000.00","$375,000.00"
Colorado Rapids,,Zardes,Gyasi,F,"$1,500,000.00","$1,550,000.00"
Colorado Rapids,Max Alves da Silva ,,Max,M,"$212,000.00","$293,360.00"
Columbus Crew,,Anibaba,Jalil,D,"$150,000.00","$150,000.00"
Columbus Crew,,Bush,Evan,GK,"$84,000.00","$84,000.00"
Columbus Crew,,Degenek,Miloš,D,"$715,000.00","$812,000.00"
Columbus Crew,,Diaz ,Luis ,M,"$375,000.00","$408,900.00"
Columbus Crew,,Etienne,Derrick,M,"$175,000.00","$175,000.00"
Columbus Crew,,Farsi,Mohamed,D,"$65,500.00","$75,333.00"
Columbus Crew,,Hairston,Marlon,M-D,"$175,000.00","$175,000.00"
Columbus Crew,,Hernandez,Cucho,F,"$2,600,000.00","$2,886,000.00"
Columbus Crew,,Hurtado,Erik,F,"$84,000.00","$84,000.00"
Columbus Crew,,Igbekeme,James ,M,"$315,000.00","$408,281.00"
Columbus Crew,,Kitchen,Perry,M,"$300,000.00","$326,667.00"
Columbus Crew,Artur,Lima,Artur,M,"$564,000.00","$615,633.00"
Columbus Crew,,Matan,Alexandru,M,"$425,000.00","$458,250.00"
Columbus Crew,,Mensah,Jonathan,D,"$1,000,000.00","$1,140,667.00"
Columbus Crew,,Molino,Kevin,M,"$700,348.00","$700,348.00"
Columbus Crew,,Moreira,Steven,D,"$550,000.00","$632,708.00"
Columbus Crew,,Morris,Aidan,M,"$170,000.00","$172,000.00"
Columbus Crew,,Morris,Jake ,D,"$65,500.00","$65,500.00"
Columbus Crew,,Nagbe,Darlington,M,"$1,760,000.00","$1,760,000.00"
Columbus Crew,,Parente,Isaiah,M,"$66,724.00","$70,724.00"
Columbus Crew,,Room,Eloy,GK,"$800,000.00","$883,000.00"
Columbus Crew,,Russell-Rowe,Jacen ,F,"$65,500.00","$72,866.00"
Columbus Crew,,Sands,Will ,D,"$84,000.00","$90,250.00"
Columbus Crew,,Santos,Pedro,D,"$625,000.00","$687,500.00"
Columbus Crew,,Schulte ,Patrick ,GK,"$84,000.00","$96,431.00"
Columbus Crew,,Scott,Brady,GK,"$84,000.00","$84,000.00"
Columbus Crew,,Williams,Josh,D,"$325,000.00","$325,000.00"
Columbus Crew,,Yeboah,Yaw,M,"$600,000.00","$663,750.00"
Columbus Crew,,Zawadzki,Sean ,M,"$84,000.00","$89,000.00"
Columbus Crew,,Zelarayan,Lucas,M,"$3,100,000.00","$3,700,000.00"
DC United,,Akinmboni,Matai,D,"$65,500.00","$75,000.00"
DC United,,Alfaro,Antonio,D,"$89,513.00","$89,513.00"
DC United,,Benteke,Christian,F,"$4,000,000.00","$4,182,778.00"
DC United,,Berry,Miguel,F,"$120,000.00","$120,000.00"
DC United,,Birnbaum,Steven,D,"$750,000.00","$762,500.00"
DC United,,Canouse,Russell,M,"$515,000.00","$515,000.00"
DC United,,Djeffal,Sofiane,M,"$65,500.00","$65,500.00"
DC United,,Durkin,Chris,M,"$400,000.00","$445,000.00"
DC United,,Fletcher ,Kristian,F,"$84,000.00","$105,189.00"
DC United,,Fountas,Taxiarchis,F,"$1,600,000.00","$1,641,000.00"
DC United,,Freeman,Tyler,F,"$110,000.00","$112,500.00"
DC United,,Garay,Jeremy,M,"$65,500.00","$69,550.00"
DC United,,Greene,Jacob,D-M,"$85,444.00","$88,444.00"
DC United,,Guediri,Sami,D,"$84,000.00","$84,000.00"
DC United,,Hamid,Bill,GK,"$700,000.00","$700,000.00"
DC United,,Hines-Ike,Brendan,D,"$375,000.00","$417,917.00"
DC United,,Hopkins,Jackson ,M,"$65,500.00","$65,833.00"
DC United,,Kamara,Ola,F,"$1,500,000.00","$1,520,000.00"
DC United,,Kempin,Jon,GK,"$84,000.00","$84,000.00"
DC United,,Ku-DiPietro,Theodore ,M,"$65,500.00","$65,500.00"
DC United,,Morrison,Ravel,M,"$850,000.00","$917,844.00"
DC United,,Najar,Andy,D,"$375,000.00","$375,000.00"
DC United,,Ochoa,David,GK,"$103,500.00","$103,500.00"
DC United,,Odoi-Atsem,Chris,D,"$140,000.00","$151,000.00"
DC United,,Palsson,Victor ,M,"$850,000.00","$863,125.00"
DC United,,Perez,Adrien,F,"$89,513.00","$89,513.00"
DC United,,Pines,Donovan,D,"$150,000.00","$152,000.00"
DC United,,Robertha,Nigel,F,"$550,000.00","$622,406.00"
DC United,,Rodriguez,Martin ,F-M,"$456,000.00","$597,200.00"
DC United,,Romo,Rafael,GK,"$250,000.00","$285,833.00"
DC United,,Samake,Gaoussou,D-M,"$84,000.00","$84,000.00"
DC United,,Sargis,Hayden ,D,"$65,500.00","$65,500.00"
DC United,Drew,Skundrich,Andrew ,M-F,"$89,513.00","$89,513.00"
DC United,,Smith,Brad,D,"$550,000.00","$591,250.00"
DC United,,Smith,Kimarni,M-F,"$85,444.00","$85,444.00"
FC Cincinnati,Lucho,Acosta,Luciano,M,"$1,943,500.00","$2,222,854.00"
FC Cincinnati,,Atanga,Isaac,F,"$350,000.00","$364,000.00"
FC Cincinnati,,Badji,Dominique,F,"$500,000.00","$555,000.00"
FC Cincinnati,,Bailey,Zico,D,"$84,000.00","$84,000.00"
FC Cincinnati,,Barreal,Alvaro,F,"$350,000.00","$350,000.00"
FC Cincinnati,,Blackett,Tyler ,D,"$840,000.00","$840,000.00"
FC Cincinnati,,Cameron,Geoff,D,"$387,000.00","$469,000.00"
FC Cincinnati,,Celentano,Roman ,GK,"$84,000.00","$99,000.00"
FC Cincinnati,,Cruz,Allan ,M,"$1,140,000.00","$1,254,000.00"
FC Cincinnati,,Gaddis,Ray,D,"$230,000.00","$230,000.00"
FC Cincinnati,,Hagglund,Nick,D,"$84,000.00","$84,000.00"
FC Cincinnati,,Harris,Calvin,F,"$85,444.00","$100,444.00"
FC Cincinnati,,Kann,Alec,GK,"$200,000.00","$220,833.00"
FC Cincinnati,,Kubo,Yuya,M,"$1,091,000.00","$1,206,750.00"
FC Cincinnati,,Louro,Evan,GK,"$84,000.00","$84,000.00"
FC Cincinnati,,Markanich,Nicholas,F,"$65,500.00","$65,500.00"
FC Cincinnati,,Matarrita,Ronald,D,"$750,000.00","$806,875.00"
FC Cincinnati,,Miazga,Matt,D,"$1,464,000.00","$1,464,000.00"
FC Cincinnati,,Mines,Ben,M,"$84,000.00","$88,840.00"
FC Cincinnati,,Moreno,Junior,M,"$325,000.00","$373,750.00"
FC Cincinnati,,Murphy,Ian ,D,"$65,500.00","$67,750.00"
FC Cincinnati,Johnny ,Nelson,John,D,"$65,500.00","$73,500.00"
FC Cincinnati,,Nwobodo,Obinna ,M,"$900,000.00","$1,028,100.00"
FC Cincinnati,Quimi,Ordonez,Arquimides,F,"$65,500.00","$69,037.00"
FC Cincinnati,,Powell,Alvas,D,"$150,000.00","$167,000.00"
FC Cincinnati,,Robledo,Harrison ,F,"$65,500.00","$86,391.00"
FC Cincinnati,,Santos,Sergio,F,"$850,000.00","$918,500.00"
FC Cincinnati,Brenner,Souza da Silva,Brenner,F,"$1,680,000.00","$2,218,600.00"
FC Cincinnati,,Sunderland,Beckham,GK,"$84,000.00","$87,863.00"
FC Cincinnati,,Vazquez,Brandon,F,"$275,000.00","$517,500.00"
FC Cincinnati,,Vermeer,Kenneth,GK,"$84,000.00","$84,000.00"
FC Dallas,,Arriola,Paul,M,"$1,100,000.00","$1,130,000.00"
FC Dallas,,Bartlett,Lucas,D,"$84,000.00","$84,000.00"
FC Dallas,,Carrera ,Antonio ,GK,"$65,500.00","$85,019.00"
FC Dallas,,Cerrillo,Edwin,M,"$130,000.00","$145,000.00"
FC Dallas,,Che,Justin,D,"$100,000.00","$109,209.00"
FC Dallas,,Elmedkhar,Kalil,F,"$66,724.00","$66,724.00"
FC Dallas,,Farfan,Marco,D,"$225,000.00","$225,000.00"
FC Dallas,,Ferreira,Jesus,F,"$1,300,000.00","$1,499,000.00"
FC Dallas,,Hedges,Matt,D,"$900,000.00","$900,000.00"
FC Dallas,Nicky,Hernandez,Dominick,M,"$66,724.00","$76,438.00"
FC Dallas,,Jara,Franco,F,"$2,540,000.00","$3,227,000.00"
FC Dallas,,Kamungo,Bernard,M,"$84,000.00","$84,000.00"
FC Dallas,,Lletget,Sebastian,M,"$900,000.00","$1,023,750.00"
FC Dallas,,Martinez,Jose Antonio,D,"$650,000.00","$723,000.00"
FC Dallas,,Maurer,Jimmy,GK,"$275,000.00","$292,887.00"
FC Dallas,,Munjoma,Eddie,D,"$84,000.00","$84,000.00"
FC Dallas,,Ntsabeleng,Tsiki,M,"$65,500.00","$65,500.00"
FC Dallas,,Obrian,Jader,F,"$382,500.00","$467,100.00"
FC Dallas,,Paes,Maarten,GK,"$150,000.00","$187,500.00"
FC Dallas,,Parker,Isaiah ,D,"$65,500.00","$77,500.00"
FC Dallas,,Pomykal,Paxton,M,"$700,000.00","$700,000.00"
FC Dallas,,Quignon,Facundo,M,"$786,000.00","$840,627.00"
FC Dallas,,Quiñónez,Joshué,D,"$180,000.00","$227,833.00"
FC Dallas,,Redzic,Beni ,M,"$66,724.00","$74,346.00"
FC Dallas,,Roberts,Thomas,M,"$160,000.00","$172,000.00"
FC Dallas,,Sealy,Dante,F,"$140,000.00","$164,417.00"
FC Dallas,,Servania,Brandon,M,"$400,000.00","$455,833.00"
FC Dallas,,Smith ,Collin ,D,"$90,000.00","$93,000.00"
FC Dallas,,Tafari Burgess,Nkosi,D,"$197,950.00","$197,950.00"
FC Dallas,,Twumasi,Ema,D,"$290,000.00","$309,300.00"
FC Dallas,,Velasco,Alan ,F,"$1,100,000.00","$1,305,000.00"
FC Dallas,Eulanio Angelo Chipela Gomes,,Nanu,D,"$600,000.00","$668,750.00"
Houston Dynamo,,Avila ,Beto ,F-M,"$65,500.00","$65,500.00"
Houston Dynamo,,Baird,Corey,F,"$440,000.00","$471,031.00"
Houston Dynamo,,Bajamich,Mateo,F,"$286,000.00","$346,069.00"
Houston Dynamo,,Bartlow,Ethan,D,"$84,000.00","$91,500.00"
Houston Dynamo,,Carrasquilla,Adalberto,M,"$418,908.00","$469,132.00"
Houston Dynamo,,Castilla,Juan,M,"$65,500.00","$70,022.00"
Houston Dynamo,,Ceren,Darwin,M,"$190,000.00","$240,000.00"
Houston Dynamo,,Clark,Steve,GK,"$560,000.00","$620,031.00"
Houston Dynamo,,Dorsey,Griffin,D,"$125,000.00","$144,000.00"
Houston Dynamo,Thiaguinho,Fernandes,Thiago ,F,"$310,344.00","$370,344.00"
Houston Dynamo,,Ferreira,Sebastián,F,"$1,600,000.00","$1,970,200.00"
Houston Dynamo,,Hadebe,Teenage ,D,"$1,014,000.00","$1,179,177.00"
Houston Dynamo,,Herrera,Hector,M,"$4,750,000.00","$5,246,875.00"
Houston Dynamo,,Hoffmann,Ian,D,"$85,444.00","$85,444.00"
Houston Dynamo,,Junqua,Sam,D,"$89,513.00","$89,513.00"
Houston Dynamo,,Lemoine,Nico,F,"$84,000.00","$84,000.00"
Houston Dynamo,,Lundkvist,Adam,D,"$325,000.00","$372,500.00"
Houston Dynamo,,Nelson,Michael,GK,"$125,000.00","$139,500.00"
Houston Dynamo,,Palomino,Marcelo,M,"$84,000.00","$84,000.00"
Houston Dynamo,,Parker,Tim,D,"$1,000,000.00","$1,037,500.00"
Houston Dynamo,,Picault,Fafa,F,"$600,000.00","$600,000.00"
Houston Dynamo,,Quinones ,Nelson ,F,"$150,996.00","$171,890.00"
Houston Dynamo,,Quintero,Darwin,F,"$600,000.00","$661,250.00"
Houston Dynamo,,Raines,Brooklyn,M,"$65,500.00","$83,563.00"
Houston Dynamo,,Rios,Daniel Esteban,M,"$65,500.00","$70,022.00"
Houston Dynamo,,Rodriguez,Memo,M,"$285,000.00","$310,935.00"
Houston Dynamo,,Steres,Daniel,D,"$450,000.00","$468,750.00"
Houston Dynamo,Thor,Ulfarsson,Thorleifur,F,"$65,500.00","$77,699.00"
Houston Dynamo,,Valdez,Xavier,GK,"$65,500.00","$75,211.00"
Houston Dynamo,,Valentin,Zarek,D,"$260,000.00","$290,000.00"
Houston Dynamo,,Vera,Matias Gabriel,M,"$550,000.00","$622,812.00"
Houston Dynamo,Jose Carlos Cracco Neto,,Zeca,D,"$218,182.00","$259,015.00"
Inter Miami,,Acosta,George,M,"$65,500.00","$65,500.00"
Inter Miami,,Allen ,Noah,D,"$65,500.00","$67,167.00"
Inter Miami,,Azcona Velez,Edison,M,"$65,500.00","$65,500.00"
Inter Miami,,Callender,Drake,GK,"$130,000.00","$130,000.00"
Inter Miami,,Campana,Leonardo,F,"$84,000.00","$135,680.00"
Inter Miami,,De Magalhaes Silva,Gregore,M,"$700,000.00","$801,000.00"
Inter Miami,,Dos Santos,CJ,GK,"$65,500.00","$70,800.00"
Inter Miami,,Duke,Bryce,M,"$122,000.00","$122,000.00"
Inter Miami,,Fray,Ian,D,"$84,000.00","$84,000.00"
Inter Miami,,Gibbs,Kieran,D,"$370,000.00","$378,167.00"
Inter Miami,,Gonzalez Pirez,Leandro,D,"$892,500.00","$1,052,750.00"
Inter Miami,,Higuain,Gonzalo Gerardo,F,"$5,100,000.00","$5,793,750.00"
Inter Miami,,Jean,Corentin ,F,"$720,000.00","$788,400.00"
Inter Miami,,Jones,Joevin Martin,D-M,"$360,000.00","$458,100.00"
Inter Miami,,Lassiter,Ariel,F,"$210,000.00","$230,280.00"
Inter Miami,,Lowe,Damion,D,"$225,000.00","$268,333.00"
Inter Miami,,Mabika,Aime ,D,"$65,500.00","$73,625.00"
Inter Miami,,Marsman,Nick,GK,"$474,996.00","$587,184.00"
Inter Miami,,Matuidi,Blaise,M,"$1,500,000.00","$1,500,000.00"
Inter Miami,,McVey ,Christopher,D,"$199,992.00","$224,292.00"
Inter Miami,,Mota,Jean,D-M,"$700,000.00","$805,000.00"
Inter Miami,,Neville ,Harvey ,D,"$65,500.00","$65,500.00"
Inter Miami,,Pizarro,Rodolfo,M-F,"$3,050,000.00","$3,350,000.00"
Inter Miami,,Pozuelo ,Alejandro,M,"$3,800,000.00","$4,693,000.00"
Inter Miami,Robbie,Robinson,Robert,F,"$140,000.00","$185,000.00"
Inter Miami,,Rodriguez,Emerson ,M,"$315,000.00","$350,500.00"
Inter Miami,,Sailor,Ryan ,D,"$65,500.00","$65,500.00"
Inter Miami,,Shea,Brek,M-D,"$182,000.00","$206,100.00"
Inter Miami,,Taylor,Robert ,F,"$252,000.00","$278,900.00"
Inter Miami,,Ulloa,Victor,M,"$250,000.00","$250,000.00"
Inter Miami,,Valencia-Barona,Felipe,F,"$65,500.00","$65,500.00"
Inter Miami,,Vassilev,Indiana,F,"$84,000.00","$134,000.00"
Inter Miami,,Yedlin,DeAndre,D,"$800,000.00","$848,750.00"
LA Galaxy,,Aguirre,Daniel ,M-F,"$66,724.00","$66,724.00"
LA Galaxy,,Alvarez,Efrain,M,"$600,000.00","$706,250.00"
LA Galaxy,,Araujo,Julian,D,"$575,000.00","$678,750.00"
LA Galaxy,,Bond,Jonathan,GK,"$475,000.00","$526,875.00"
LA Galaxy,,Brugman,Gastón,M,"$1,200,000.00","$1,409,000.00"
LA Galaxy,,Cabral ,Kevin ,F,"$1,650,000.00","$1,650,000.00"
LA Galaxy,,Caceres,Martin,D,"$240,000.00","$294,400.00"
LA Galaxy,,Costa ,Douglas ,F,"$3,000,000.00","$5,800,000.00"
LA Galaxy,,Coulibaly,Sega ,D,"$420,000.00","$457,000.00"
LA Galaxy,Marky,Delgado,Marco,M,"$650,000.00","$726,250.00"
LA Galaxy,,DePuy,Nick,D,"$231,000.00","$231,000.00"
LA Galaxy,,Dunbar,Cameron,F,"$120,000.00","$136,750.00"
LA Galaxy,,Edwards,Raheem,D-M,"$275,000.00","$307,500.00"
LA Galaxy,,Esparza-Saldana,Adam,M,"$89,513.00","$89,513.00"
LA Galaxy,,Ferkranus,Marcus,D,"$100,000.00","$113,625.00"
LA Galaxy,,Gasper,Chase,D,"$375,000.00","$400,000.00"
LA Galaxy,,Grandsir,Samuel,F-M,"$900,000.00","$988,427.00"
LA Galaxy,,Harvey,Carlos Miguel,D-M,"$84,000.00","$84,000.00"
LA Galaxy,Chicharito,Hernandez,Javier,F,"$6,000,000.00","$7,443,750.00"
LA Galaxy,,Joveljic,Dejan ,F,"$612,500.00","$612,500.00"
LA Galaxy,,Judd,Preston ,F,"$65,500.00","$65,500.00"
LA Galaxy,,Klinsmann,Jonathan,GK,"$200,000.00","$200,000.00"
LA Galaxy,,Kljestan,Sacha,M,"$84,000.00","$84,000.00"
LA Galaxy,,Leerdam,Kelvin,D,"$300,000.00","$335,000.00"
LA Galaxy,,Neal,Jalen,D,"$100,000.00","$113,625.00"
LA Galaxy,,Perez,Jonathan,M,"$150,000.00","$171,750.00"
LA Galaxy,Riqui,Puig,Ricard ,M,"$1,612,500.00","$1,695,000.00"
LA Galaxy,,Sanchez,Richard,GK,"$84,000.00","$84,000.00"
LA Galaxy,,Vazquez,Victor,M,"$440,000.00","$440,000.00"
LA Galaxy,,Villafaña,Jorge,D,"$450,000.00","$486,667.00"
LA Galaxy,,Williams,Derrick,D,"$750,000.00","$821,458.00"
LA Galaxy,,Zavaleta,Eriq,D,"$84,000.00","$84,000.00"
LAFC,,Acosta,Kellyn,M,"$1,100,000.00","$1,215,000.00"
LAFC,,Arango,Cristian ,M-F,"$624,000.00","$683,000.00"
LAFC,,Bale,Gareth ,M-F,"$1,600,000.00","$2,386,667.00"
LAFC,,Blessing,Latif,M,"$400,000.00","$416,667.00"
LAFC,,Bouanga,Denis ,F,"$2,083,333.00","$2,083,333.00"
LAFC,,Chiellini,Giorgio,D,"$1,000,000.00","$1,075,000.00"
LAFC,,Cifuentes,Jose,M,"$367,875.00","$411,750.00"
LAFC,,Crepeau,Maxime,GK,"$275,000.00","$302,500.00"
LAFC,,Duenas,Erik,D,"$100,000.00","$102,000.00"
LAFC,,Escobar,Franco,D,"$550,008.00","$550,008.00"
LAFC,Mbacke,Fall,Mamadou,D-M,"$106,000.00","$118,750.00"
LAFC,,Gaines,Julian,F,"$85,444.00","$87,444.00"
LAFC,,Ginella,Francisco,M,"$450,000.00","$572,250.00"
LAFC,,Hollingshead,Ryan,D,"$393,750.00","$393,750.00"
LAFC,,Ibeagha,Sebastien,D,"$225,000.00","$252,125.00"
LAFC,,Jennings,Cal,F,"$84,000.00","$84,000.00"
LAFC,Tony,Leone,Antonio,D-M,"$100,000.00","$102,000.00"
LAFC,,McCarthy,John,GK,"$110,000.00","$110,000.00"
LAFC,Jhegson,Méndez,Jhegson Sebastián,M,"$600,000.00","$636,750.00"
LAFC,,Murillo,Jesus,D,"$450,000.00","$509,500.00"
LAFC,Mahala,Opoku,Kwadwo,F-M,"$92,000.00","$133,095.00"
LAFC,,Ordaz,Nathan ,F,"$65,500.00","$68,000.00"
LAFC,,Palacios,Diego,D,"$486,000.00","$510,000.00"
LAFC,,Romero,Tomas,GK,"$90,000.00","$95,000.00"
LAFC,,Sanchez,Ilie,M,"$1,150,000.00","$1,150,000.00"
LAFC,,Segura,Eddie,D,"$200,000.00","$224,000.00"
LAFC,,Tello,Cristian,F,"$1,333,333.00","$1,725,069.00"
LAFC,,Torres,Christian,F,"$90,000.00","$101,230.00"
LAFC,,Traore,Mohamed,D,"$100,000.00","$100,000.00"
LAFC,,Trejo,Danny ,F,"$65,500.00","$65,500.00"
LAFC,,Vela,Carlos,F,"$2,400,000.00","$2,737,500.00"
Major League Soccer,,Barber,Grayson,F,"$84,000.00","$87,750.00"
Major League Soccer,,Corona,Joe,M,"$300,000.00","$315,000.00"
Major League Soccer,,Hundley,Matt,F,"$110,000.00","$119,000.00"
Minnesota United,,Amarilla,Luis,F,"$650,000.00","$785,000.00"
Minnesota United,,Arriaga,Kervin ,M,"$84,000.00","$103,667.00"
Minnesota United,,Benitez,Alan ,D,"$380,000.00","$437,250.00"
Minnesota United,,Boxall,Michael,D,"$602,210.00","$655,307.00"
Minnesota United,,Danladi,Abu,F,"$135,000.00","$142,125.00"
Minnesota United,,Dibassy,Bakaye,D,"$650,000.00","$743,125.00"
Minnesota United,,Dick,Eric,GK,"$84,000.00","$84,000.00"
Minnesota United,,Dotson,Hassani,M-D,"$400,000.00","$457,500.00"
Minnesota United,,Emmings,Fred,GK,"$84,000.00","$90,000.00"
Minnesota United,,Fisher,Oniel,D,"$120,000.00","$133,000.00"
Minnesota United,,Fragapane,Franco ,M-F,"$249,996.00","$257,496.00"
Minnesota United,,Garcia ,Ménder,F,"$300,000.00","$322,313.00"
Minnesota United,,Gonzalez,Jonathan,M,"$240,000.00","$245,000.00"
Minnesota United,,Hansen,Niko,M,"$200,400.00","$219,400.00"
Minnesota United,,Hayes,Jacori,M,"$190,000.00","$199,833.00"
Minnesota United,,Hlongwane,Bongokuhle ,F,"$530,000.00","$580,000.00"
Minnesota United,,Jackson ,Aziel ,M-F,"$66,724.00","$70,633.00"
Minnesota United,,Kallman,Brent,D,"$160,000.00","$168,000.00"
Minnesota United,Nabi,Kibunguchy,Nabilai,F,"$66,724.00","$66,724.00"
Minnesota United,,Lawrence,Kemar,D,"$400,000.00","$482,500.00"
Minnesota United,,Lod,Robin,M-F,"$849,996.00","$952,496.00"
Minnesota United,,McMaster,Justin,M,"$66,724.00","$66,724.00"
Minnesota United,,Metanire,Romain,D,"$720,000.00","$819,250.00"
Minnesota United,,Miller,Tyler,GK,"$425,000.00","$445,938.00"
Minnesota United,,Montgomery,Callum,D,"$85,444.00","$87,361.00"
Minnesota United,,Oluwaseyi,Tani,M-F,"$65,500.00","$65,500.00"
Minnesota United,,Padelford,Devin ,D,"$65,500.00","$72,500.00"
Minnesota United,Bebelo,Reynoso,Emanuel,M,"$850,000.00","$1,066,910.00"
Minnesota United,,Rosales,Joseph ,M,"$65,500.00","$65,500.00"
Minnesota United,,St. Clair,Dayne,GK,"$300,000.00","$321,875.00"
Minnesota United,DJ,Taylor,David,M,"$85,444.00","$85,444.00"
Minnesota United,,Trapp,Wil,M,"$784,875.00","$784,875.00"
Minnesota United,,Weah,Patrick,M-F,"$66,724.00","$79,910.00"
Nashville SC,,Anunga,Tah Brian,M,"$156,000.00","$176,000.00"
Nashville SC,,Bauer,Josh ,D,"$66,724.00","$66,724.00"
Nashville SC,,Bunbury,Teal,M-F,"$400,000.00","$444,167.00"
Nashville SC,,Bwana,Handwalla,F-M,"$140,000.00","$140,000.00"
Nashville SC,,Castellanos,Robert,D,"$84,000.00","$84,000.00"
Nashville SC,,Davis,Sean,M,"$637,500.00","$637,500.00"
Nashville SC,Koze,Donasiyano,Irakoze,M-D,"$66,724.00","$66,724.00"
Nashville SC,,Godoy,Anibal,M,"$800,000.00","$871,250.00"
Nashville SC,,Haakenson,Luke,M,"$84,000.00","$84,000.00"
Nashville SC,,Leal,Randall,F-M,"$850,000.00","$965,000.00"
Nashville SC,,Loba,Ake,F,"$1,250,000.00","$1,491,475.00"
Nashville SC,,Longmire,Ahmed,M-D,"$65,500.00","$65,500.00"
Nashville SC,,Lovitz,Daniel,D,"$498,750.00","$498,750.00"
Nashville SC,,Maher,Jack,D,"$130,000.00","$164,000.00"
Nashville SC,,McCarty,Dax,M,"$475,000.00","$517,500.00"
Nashville SC,,Meredith,Bryan,GK,"$84,000.00","$84,000.00"
Nashville SC,,Meyer ,William ,GK,"$65,500.00","$65,500.00"
Nashville SC,,Miller,Eric,D,"$168,000.00","$168,000.00"
Nashville SC,Shaq,Moore,Shaquell,D,"$700,000.00","$779,400.00"
Nashville SC,,Mukhtar,Hany,M,"$1,637,500.00","$1,926,250.00"
Nashville SC,,Muyl,Alex,M,"$325,000.00","$331,562.00"
Nashville SC,,Panicco,Elliot,GK,"$85,444.00","$85,444.00"
Nashville SC,,Pineiro,Rodrigo,F,"$275,000.00","$372,500.00"
Nashville SC,,Romney,Dave,D,"$475,000.00","$475,000.00"
Nashville SC,,Sapong,CJ,F,"$550,000.00","$550,000.00"
Nashville SC,,Shaffelburg,Jacob,M-F,"$130,000.00","$136,500.00"
Nashville SC,,Washington,Taylor,D-M,"$93,989.00","$107,570.00"
Nashville SC,,Willis,Joe,GK,"$300,000.00","$316,250.00"
Nashville SC,,Zimmerman,Walker,D,"$2,088,235.00","$2,345,214.00"
Nashville SC,,Zubak,Ethan,F,"$116,000.00","$130,000.00"
New England Revolution,,Altidore,Jozy,F,"$3,706,139.00","$4,264,963.00"
New England Revolution,,Bajraktarevic,Esmir,M,"$65,500.00","$71,559.00"
New England Revolution,,Bell,Jon,D,"$84,000.00","$84,000.00"
New England Revolution,Ema,Boateng,Emmanuel,M,"$225,000.00","$225,000.00"
New England Revolution,,Borrero,Dylan ,F,"$550,000.00","$613,962.00"
New England Revolution,,Bou,Gustavo,M-F,"$2,500,000.00","$2,675,000.00"
New England Revolution,,Buck,Noel,M,"$65,500.00","$65,500.00"
New England Revolution,,Bye,Brandon,D,"$325,000.00","$343,813.00"
New England Revolution,AJ,DeLaGarza,AJ,D-M,"$250,000.00","$250,000.00"
New England Revolution,,Diop,Clement,GK,"$125,000.00","$136,250.00"
New England Revolution,,Edwards,Earl,GK,"$84,000.00","$84,000.00"
New England Revolution,,Farrell,Andrew,D,"$425,000.00","$443,750.00"
New England Revolution,,Gil,Carles,M,"$3,250,000.00","$3,545,833.00"
New England Revolution,,Gil,Nacho,M,"$100,000.00","$100,000.00"
New England Revolution,,Gonzalez,Omar,D,"$425,000.00","$450,000.00"
New England Revolution,,Jackson,Jacob,GK,"$65,500.00","$65,500.00"
New England Revolution,,Jones,DeJuan,D-M,"$350,000.00","$370,000.00"
New England Revolution,,Kaptoum,Wilfrid,M,"$525,000.00","$582,500.00"
New England Revolution,,Kessler,Henry,D,"$150,000.00","$170,000.00"
New England Revolution,,Kizza,Edward,F,"$66,724.00","$66,724.00"
New England Revolution,,Knighton,Brad,GK,"$150,000.00","$157,500.00"
New England Revolution,Maciel,Maciel Felix,Lucas,M,"$69,902.00","$69,902.00"
New England Revolution,,Makoun,Christian,D-M,"$200,000.00","$200,000.00"
New England Revolution,Tommy,McNamara,Thomas,M,"$240,000.00","$240,000.00"
New England Revolution,,Petrović,Dorde,GK,"$225,000.00","$225,000.00"
New England Revolution,,Polster,Matt,D-M,"$325,000.00","$353,437.00"
New England Revolution,,Rennicks,Justin,F,"$110,000.00","$120,000.00"
New England Revolution,,Reveno ,Benjamin ,D,"$65,500.00","$65,500.00"
New England Revolution,,Rivera,Damian,M,"$84,000.00","$84,000.00"
New England Revolution,,Spaulding,Ryan ,M,"$65,500.00","$65,500.00"
New England Revolution,,Tajouri-Shradi,Ismael,F,"$606,375.00","$647,860.00"
New England Revolution,,Vrioni,Giacomo,F,"$1,500,000.00","$1,747,500.00"
New York City FC,,Acevedo,Nicolas,D-M,"$200,000.00","$244,800.00"
New York City FC,,Amundsen,Malte,D,"$270,000.00","$308,700.00"
New York City FC,,Araujo dos Santos,Heber,F,"$825,000.00","$914,000.00"
New York City FC,,Barraza,Luis,GK,"$125,000.00","$132,688.00"
New York City FC,,Benalcázar,Nico,D,"$65,500.00","$65,500.00"
New York City FC,,Callens,Alexander,D,"$750,000.00","$814,000.00"
New York City FC,,Carrizo,Maximo ,M,"$65,500.00","$84,357.00"
New York City FC,Taty,Castellanos,Valentin,M,"$900,000.00","$1,076,000.00"
New York City FC,,Chanot,Maxime,D,"$700,000.00","$700,000.00"
New York City FC,,De Andrade,Thiago,F,"$180,000.00","$199,600.00"
New York City FC,,Gloster,Christopher,D,"$228,000.00","$238,000.00"
New York City FC,,Gray,Tayvon,D,"$125,000.00","$144,788.00"
New York City FC,,Haak,Justin,M,"$85,444.00","$85,444.00"
New York City FC,,Jasson,Andres,M,"$100,000.00","$117,144.00"
New York City FC,,Jimenez,Jonathan ,F,"$65,500.00","$65,500.00"
New York City FC,,Johnson,Sean,GK,"$550,000.00","$550,000.00"
New York City FC,Vuk,Latinovich,Vukashin,D,"$85,444.00","$85,444.00"
New York City FC,,Magno,Talles,F,"$950,000.00","$1,198,000.00"
New York City FC,,Martins,Thiago,D,"$1,500,000.00","$1,962,000.00"
New York City FC,,McFarlane,Christian ,M,"$65,500.00","$83,756.00"
New York City FC,,Mitrita,Alexandru,F,"$1,150,000.00","$1,150,000.00"
New York City FC,,Mizell,Cody,GK,"$85,444.00","$85,444.00"
New York City FC,,Morales,Alfredo,M,"$600,000.00","$662,250.00"
New York City FC,,Moralez,Maxi,M,"$670,000.00","$1,300,000.00"
New York City FC,,O'Toole ,Kevin,F,"$65,500.00","$65,500.00"
New York City FC,,Owusu,Samuel,D,"$85,444.00","$85,444.00"
New York City FC,,Parks,Keaton,M,"$500,000.00","$500,000.00"
New York City FC,,Pellegrini,Matias,M-F,"$875,000.00","$970,833.00"
New York City FC,,Pereira,Gabriel ,F,"$555,000.00","$624,500.00"
New York City FC,,Rodriguez,Santiago,M,"$612,500.00","$612,500.00"
New York City FC,,Sands,James,D-M,"$400,000.00","$493,956.00"
New York City FC,,Tinnerholm,Anton,D,"$750,000.00","$800,000.00"
New York City FC,,Zelalem,Gedion,M,"$84,000.00","$84,000.00"
New York Red Bulls,,Amaya,Frankie,M,"$325,000.00","$381,406.00"
New York Red Bulls,,Barlow,Tom,F,"$175,000.00","$188,151.00"
New York Red Bulls,,Carmona,Wikelman,M,"$66,724.00","$69,474.00"
New York Red Bulls,,Casseres,Cristian,M,"$230,000.00","$274,000.00"
New York Red Bulls,,Castellano,Jesus ,M,"$65,500.00","$70,868.00"
New York Red Bulls,,Clark,Caden,M,"$148,800.00","$331,850.00"
New York Red Bulls,,Coronel,Carlos Miguel,GK,"$480,000.00","$529,660.00"
New York Red Bulls,,Duncan,Kyle,D,"$268,212.00","$293,610.00"
New York Red Bulls,,Edelman ,Daniel ,M,"$84,000.00","$91,582.00"
New York Red Bulls,,Estrela,Bento,M,"$66,724.00","$90,724.00"
New York Red Bulls,,Fernandez,Omir,M,"$140,000.00","$155,000.00"
New York Red Bulls,,Harper,Cameron,M-F,"$225,000.00","$276,250.00"
New York Red Bulls,,Klimala,Patryk ,F,"$1,000,000.00","$1,135,000.00"
New York Red Bulls,,La Cava ,Jake,F,"$65,500.00","$65,500.00"
New York Red Bulls,,Long,Aaron,D,"$1,050,000.00","$1,080,000.00"
New York Red Bulls,,Manoel,Elias,F,"$360,000.00","$374,800.00"
New York Red Bulls,AJ,"Marcucci, Jr.",Anthony ,GK,"$66,724.00","$66,724.00"
New York Red Bulls,,Meara,Ryan,GK,"$324,000.00","$324,000.00"
New York Red Bulls,,Morgan,Lewis,M-F,"$650,000.00","$653,125.00"
New York Red Bulls,Ndam,N'dam,Hassan,D,"$84,000.00","$84,000.00"
New York Red Bulls,,Nealis,Sean,D,"$175,000.00","$196,875.00"
New York Red Bulls,,Nealis,Dylan,D,"$175,000.00","$200,000.00"
New York Red Bulls,,Ngoma,Serge ,F,"$65,500.00","$85,451.00"
New York Red Bulls,,Nocita ,Matthew ,D,"$84,000.00","$84,000.00"
New York Red Bulls,,Reyes,Andres,D,"$425,000.00","$469,375.00"
New York Red Bulls,,Ryan ,Zach ,F,"$65,500.00","$65,500.00"
New York Red Bulls,,Sowe,Omar,F,"$84,000.00","$93,086.00"
New York Red Bulls,,Sserwadda,Steven,M,"$65,500.00","$65,500.00"
New York Red Bulls,,Tolkin,John,D,"$100,000.00","$105,000.00"
New York Red Bulls,,Yearwood,Dru,M,"$500,000.00","$568,750.00"
New York Red Bulls,Lucas De Lima Linhares,,Luquinhas,F,"$1,050,000.00","$1,173,125.00"
Orlando City SC,,Akindele,Tesho,F,"$325,000.00","$340,000.00"
Orlando City SC,,Alvarado,Alexander,F,"$300,000.00","$318,240.00"
Orlando City SC,,Angulo,Iván,F,"$348,000.00","$380,660.00"
Orlando City SC,,Araújo,César,M,"$180,000.00","$261,000.00"
Orlando City SC,,Cartagena,Wilder ,M,"$240,000.00","$280,250.00"
Orlando City SC,Antônio Carlos,Cunha Capocasali Junior,Antonio Carlos,D,"$900,000.00","$925,000.00"
Orlando City SC,Junior Urso,De Almeida Junior,Ocimar,M,"$750,000.00","$780,000.00"
Orlando City SC,Joey,Dezart,Joseph,M,"$89,716.00","$89,716.00"
Orlando City SC,,Freeman,Alex ,D,"$65,500.00","$69,500.00"
Orlando City SC,,Gallese,Pedro,GK,"$515,000.00","$515,000.00"
Orlando City SC,,Gioacchini,Nicholas,F,"$350,004.00","$369,287.00"
Orlando City SC,,Gonzalez,Gaston ,M,"$330,000.00","$332,000.00"
Orlando City SC,,Grinwis,Adam,GK,"$85,444.00","$85,444.00"
Orlando City SC,,Halliday,Michael,D,"$89,716.00","$99,447.00"
Orlando City SC,,Jansson,Robin,D,"$525,000.00","$581,250.00"
Orlando City SC,,Kara ,Ercan ,F,"$1,860,000.00","$1,860,000.00"
Orlando City SC,"John Lynn, Jr. ",Lynn,Jack ,F,"$65,500.00","$65,500.00"
Orlando City SC,,Michel,Benji,F,"$115,000.00","$121,303.00"
Orlando City SC,,Moutinho,Joao,D,"$220,000.00","$263,000.00"
Orlando City SC,,Mulraney,Jake,M,"$301,600.00","$338,777.00"
Orlando City SC,,Pato,Alexandre,F,"$400,000.00","$400,000.00"
Orlando City SC,,Perea,Andres,M,"$240,000.00","$248,500.00"
Orlando City SC,,Pereyra,Mauricio,M,"$1,100,000.00","$1,348,000.00"
Orlando City SC,,Rivera,Wilfredo,M,"$66,724.00","$66,724.00"
Orlando City SC,,Schlegel,Rodrigo,D,"$200,000.00","$200,000.00"
Orlando City SC,,Smith,Kyle,D,"$128,580.00","$141,244.00"
Orlando City SC,,Stajduhar,Mason,GK,"$89,716.00","$89,716.00"
Orlando City SC,Ruan,Teixeira,Ruan ,D,"$360,000.00","$360,000.00"
Orlando City SC,,Torres ,Facundo ,F,"$600,000.00","$953,200.00"
Orlando City SC,,Williams ,Thomas ,D,"$66,724.00","$73,254.00"
Philadelphia Union,,Aaronson,Paxten,M,"$107,500.00","$111,500.00"
Philadelphia Union,,Aremeyaw,Abasa ,D,"$65,500.00","$76,500.00"
Philadelphia Union,,Bedoya,Alejandro,M,"$900,000.00","$1,110,000.00"
Philadelphia Union,,Bendik,Joe,GK,"$250,000.00","$250,000.00"
Philadelphia Union,,Blake,Andre,GK,"$750,000.00","$869,375.00"
Philadelphia Union,,Bueno,Jesus ,M,"$140,000.00","$155,378.00"
Philadelphia Union,,Burke,Cory,F,"$400,000.00","$450,770.00"
Philadelphia Union,,Carranza,Julian,F,"$900,000.00","$900,000.00"
Philadelphia Union,,Craig,Brandan,M,"$85,000.00","$97,825.00"
Philadelphia Union,,Donovan,Christopher ,F,"$65,500.00","$65,500.00"
Philadelphia Union,,Elliott,Jack,D,"$700,000.00","$793,750.00"
Philadelphia Union,,Flach,Leon,M,"$250,000.00","$263,750.00"
Philadelphia Union,,Freese,Matt,GK,"$118,250.00","$137,000.00"
Philadelphia Union,,Gazdag,Daniel ,M-F,"$550,000.00","$586,250.00"
Philadelphia Union,,Glesnes,Jakob,D,"$675,000.00","$739,063.00"
Philadelphia Union,,Harriel,Nathan,D,"$90,000.00","$107,500.00"
Philadelphia Union,,Martinez,Jose Andres,M,"$250,000.00","$276,250.00"
Philadelphia Union,,Mbaizo,Olivier,D,"$300,000.00","$367,343.00"
Philadelphia Union,,McGlynn,Jack,M,"$77,500.00","$91,400.00"
Philadelphia Union,,Odada,Richard ,M,"$84,000.00","$100,280.00"
Philadelphia Union,,Portella,Gino,D,"$85,444.00","$99,169.00"
Philadelphia Union,,Rafanello,Jeremy,,"$65,500.00","$74,774.00"
Philadelphia Union,,Real,Matthew,D,"$105,000.00","$105,000.00"
Philadelphia Union,,Sorenson ,Anthony ,M,"$85,444.00","$88,444.00"
Philadelphia Union,,Sullivan,Quinn,M,"$100,000.00","$103,500.00"
Philadelphia Union,,Turner,Cole,M,"$89,716.00","$92,716.00"
Philadelphia Union,,Uhre,Mikael,F,"$1,400,000.00","$1,666,250.00"
Philadelphia Union,,Wagner,Kai,D,"$510,000.00","$581,000.00"
Portland Timbers,,Asprilla,Dairon,M-F,"$350,000.00","$352,500.00"
Portland Timbers,,Ayala,David,M,"$275,000.00","$395,000.00"
Portland Timbers,,Bingham,David,GK,"$84,000.00","$84,000.00"
Portland Timbers,,Blanco,Sebastián,M-F,"$1,340,000.00","$1,708,000.00"
Portland Timbers,,Bodily,Blake,M,"$84,000.00","$84,000.00"
Portland Timbers,,Bonilla,Pablo,D,"$132,000.00","$144,667.00"
Portland Timbers,,Bravo,Claudio,D,"$300,000.00","$323,310.00"
Portland Timbers,,Chara,Diego,M,"$675,000.00","$683,333.00"
Portland Timbers,,Chara,Yimmi,M,"$1,500,000.00","$1,803,000.00"
Portland Timbers,,Fochive,George,M,"$84,000.00","$84,000.00"
Portland Timbers,,Fogaca ,Nathan ,F,"$65,500.00","$65,500.00"
Portland Timbers,,Gutierrez,Diego ,F,"$65,500.00","$65,500.00"
Portland Timbers,,Ikoba,Tega,F,"$85,444.00","$85,444.00"
Portland Timbers,,Ivacic,Aljaz,GK,"$220,000.00","$248,333.00"
Portland Timbers,,Loría,Marvin,M,"$125,000.00","$164,375.00"
Portland Timbers,,Mabiala,Larrys,D,"$450,000.00","$460,000.00"
Portland Timbers,,McGraw,Zac,D,"$84,000.00","$84,000.00"
Portland Timbers,,Mora,Felipe,F,"$875,000.00","$955,000.00"
Portland Timbers,,Moreno,Santiago ,F,"$300,000.00","$344,576.00"
Portland Timbers,,Mosquera,Juan ,D,"$160,000.00","$178,167.00"
Portland Timbers,,Niezgoda,Jaroslaw,F,"$807,500.00","$976,758.00"
Portland Timbers,,Paredes,Cristhian,M,"$252,000.00","$350,000.00"
Portland Timbers,,Rasmussen ,Justin ,D,"$65,500.00","$65,500.00"
Portland Timbers,,Sulte,Hunter,GK,"$65,500.00","$69,892.00"
Portland Timbers,,Tuiloma,Bill,D-M,"$285,000.00","$304,450.00"
Portland Timbers,,Van Rankin,Jose ,D-M,"$85,000.00","$85,000.00"
Portland Timbers,,Vom Steeg,Justin,GK,"$84,000.00","$84,000.00"
Portland Timbers,,Williamson,Eryk,M,"$550,000.00","$550,000.00"
Portland Timbers,,Zuparic,Dario,D,"$375,000.00","$579,200.00"
Real Salt Lake,,Beavers,Gavin ,GK,"$65,500.00","$71,083.00"
Real Salt Lake,,Benitez,Julio ,M,"$65,500.00","$75,125.00"
Real Salt Lake,,Besler,Nick,M,"$210,000.00","$210,000.00"
Real Salt Lake,,Brody,Andrew,M,"$190,000.00","$215,678.00"
Real Salt Lake,,Caldwell,Scott,M,"$200,000.00","$205,000.00"
Real Salt Lake,,Chang,Maikel,M,"$98,261.00","$98,261.00"
Real Salt Lake,,Ćordova,Sergio,F,"$600,000.00","$696,000.00"
Real Salt Lake,,Dewsnup,Jeffrey,GK,"$84,000.00","$93,825.00"
Real Salt Lake,Zack,Farnsworth,Zackery ,D,"$84,000.00","$98,750.00"
Real Salt Lake,,Garcia,Chris,F,"$90,000.00","$94,300.00"
Real Salt Lake,,Glad,Justen,D,"$675,000.00","$735,031.00"
Real Salt Lake,,Gomez,Tomas,GK,"$84,000.00","$84,000.00"
Real Salt Lake,,Halsey,Bret,D,"$84,000.00","$91,500.00"
Real Salt Lake,,Herrera,Aaron,D,"$700,000.00","$795,220.00"
Real Salt Lake,,Hidalgo Davis,Bode,M-F,"$84,000.00","$88,294.00"
Real Salt Lake,,Holt,Erik,D,"$125,000.00","$125,000.00"
Real Salt Lake,,Julio,Anderson,F-M,"$750,000.00","$820,000.00"
Real Salt Lake,,Kappelhof,Johan,D-M,"$260,000.00","$287,000.00"
Real Salt Lake,,Kei,Axel,F,"$65,500.00","$81,500.00"
Real Salt Lake,,Kreilach,Damir,M,"$1,762,572.00","$1,762,572.00"
Real Salt Lake,,Loeffelsend ,Jasper ,M,"$84,000.00","$84,000.00"
Real Salt Lake,,Luna ,Diego ,M,"$84,000.00","$98,380.00"
Real Salt Lake,,MacMath,Zac,GK,"$200,000.00","$200,000.00"
Real Salt Lake,,Menendez,Jonathan ,M-F,"$500,000.00","$602,813.00"
Real Salt Lake,,Meram,Justin,M,"$425,000.00","$468,750.00"
Real Salt Lake,,Musovski,Danny,F,"$93,988.00","$93,988.00"
Real Salt Lake,,Ojeda,Braian,M,"$550,000.00","$608,653.00"
Real Salt Lake,,Orozco,Jaziel ,D,"$65,500.00","$65,500.00"
Real Salt Lake,,Oviedo,Bryan,D,"$274,800.00","$320,960.00"
Real Salt Lake,,Putna,Andrew,GK,"$155,000.00","$168,458.00"
Real Salt Lake,,Rubin,Rubio,F,"$510,000.00","$582,937.00"
Real Salt Lake,,Ruiz,Pablo,M,"$450,000.00","$523,500.00"
Real Salt Lake,,Savarino,Jefferson,F,"$2,000,000.00","$2,224,292.00"
Real Salt Lake,,Schmitt,Tate,F,"$92,500.00","$92,500.00"
Real Salt Lake,,Silva,Marcelo,D,"$600,000.00","$646,667.00"
Real Salt Lake,,Wellings,Jude ,M,"$65,500.00","$81,500.00"
Real Salt Lake,,Wood ,Bobby ,F,"$925,000.00","$1,018,161.00"
San Jose Earthquakes,,Ågren,Oskar,D,"$65,500.00","$65,500.00"
San Jose Earthquakes,,Akapo,Carlos ,D,"$500,000.00","$545,111.00"
San Jose Earthquakes,,Asomani,George ,M,"$66,724.00","$66,724.00"
San Jose Earthquakes,,Beason,Tanner,D,"$200,000.00","$200,000.00"
San Jose Earthquakes,,Bersano,Matt,GK,"$106,375.00","$106,375.00"
San Jose Earthquakes,,Bouda,Ousseni,F,"$84,000.00","$96,500.00"
San Jose Earthquakes,,Cowell,Cade,F,"$545,455.00","$635,364.00"
San Jose Earthquakes,,Ebobisse,Jeremy,F,"$620,734.00","$766,617.00"
San Jose Earthquakes,,Espinoza,Cristian,F,"$1,150,000.00","$1,265,000.00"
San Jose Earthquakes,,Fuentes,Gilbert,M,"$190,000.00","$208,750.00"
San Jose Earthquakes,,Gregus,Jan,M,"$600,000.00","$655,000.00"
San Jose Earthquakes,,Haji,Siad,F,"$120,000.00","$129,000.00"
San Jose Earthquakes,,Kikanovic,Benjamin,F,"$85,444.00","$91,219.00"
San Jose Earthquakes,,Marcinkowski,JT,GK,"$300,000.00","$300,000.00"
San Jose Earthquakes,,Marie,Paul,D,"$145,000.00","$156,375.00"
San Jose Earthquakes,,Medina,Cruz ,M,"$65,500.00","$83,894.00"
San Jose Earthquakes,Gregory,Monteiro,Jamiro,M,"$1,200,000.00","$1,293,500.00"
San Jose Earthquakes,Emi,Ochoa,Emmanuel,GK,"$84,000.00","$94,051.00"
San Jose Earthquakes,Nathan ,Pelae Cardoso,Nathan ,D,"$650,000.00","$691,250.00"
San Jose Earthquakes,,Remedi,Eric,M,"$450,000.00","$450,000.00"
San Jose Earthquakes,,Richmond,Will ,F,"$65,500.00","$65,500.00"
San Jose Earthquakes,,Salinas,Shea,F,"$280,000.00","$280,000.00"
San Jose Earthquakes,,Skahan,Jack,M,"$84,000.00","$84,000.00"
San Jose Earthquakes,,Thompson,Tommy,D,"$280,000.00","$280,000.00"
San Jose Earthquakes,,Trauco,Miguel,D,"$100,000.00","$150,000.00"
San Jose Earthquakes,Niko,Tsakiris,Niko,M,"$65,500.00","$69,667.00"
San Jose Earthquakes,,Walls,Casey,D,"$100,000.00","$103,000.00"
San Jose Earthquakes,,Yueill,Jackson,M,"$700,000.00","$736,875.00"
San Jose Earthquakes,,,Judson,M,"$420,000.00","$425,000.00"
San Jose Earthquakes,Rodrigues ,,Rodrigues,D,"$550,000.00","$608,000.00"
Seattle Sounders FC,,Adeniran ,Samuel ,F,"$65,500.00","$65,500.00"
Seattle Sounders FC,,Arreaga,Xavier,D,"$700,000.00","$700,000.00"
Seattle Sounders FC,,Atencio,Joshua,M,"$84,000.00","$88,557.00"
Seattle Sounders FC,,Baker-Whiting,Reed,M,"$65,500.00","$85,500.00"
Seattle Sounders FC,,Bruin,Will,F,"$260,000.00","$260,000.00"
Seattle Sounders FC,Leo,Chu,Leonardo ,M-F,"$550,000.00","$550,000.00"
Seattle Sounders FC,,Cissoko,Abdoulaye,D,"$66,724.00","$66,724.00"
Seattle Sounders FC,,Cleveland,Stefan,GK,"$150,000.00","$167,500.00"
Seattle Sounders FC,,Dobbelaere,Ethan,M,"$89,716.00","$103,716.00"
Seattle Sounders FC,,Frei,Stefan,GK,"$500,000.00","$500,000.00"
Seattle Sounders FC,,Gomez Andrade,Yeimar,D,"$650,004.00","$719,092.00"
Seattle Sounders FC,,Leyva,Danny,M,"$110,000.00","$129,423.00"
Seattle Sounders FC,,Lodeiro,Nicolas,M,"$2,640,000.00","$3,256,667.00"
Seattle Sounders FC,,Medranda,Jimmy,M-D,"$200,000.00","$210,000.00"
Seattle Sounders FC,,Montero,Fredy,F,"$110,000.00","$110,000.00"
Seattle Sounders FC,,Morris,Jordan,F,"$1,250,000.00","$1,370,100.00"
Seattle Sounders FC,,Ocampo-Chavez,Alfonso,F,"$100,000.00","$114,500.00"
Seattle Sounders FC,Joao Paulo,Paulo Mior,João,M,"$1,200,000.00","$1,283,333.00"
Seattle Sounders FC,,Ragen,Jackson ,D,"$65,500.00","$65,500.00"
Seattle Sounders FC,,Roldan,Cristian,M,"$860,000.00","$981,542.00"
Seattle Sounders FC,,Roldan,Alex,M-D,"$200,000.00","$232,500.00"
Seattle Sounders FC,,Rowe,Kelyn,M-D,"$275,000.00","$275,000.00"
Seattle Sounders FC,,Ruidiaz,Raul,F,"$2,472,000.00","$3,201,120.00"
Seattle Sounders FC,,Rusnak,Albert,M,"$1,800,000.00","$1,871,667.00"
Seattle Sounders FC,,Teves,Dylan ,M,"$65,500.00","$65,500.00"
Seattle Sounders FC,,Thomas,Andrew ,GK,"$84,000.00","$91,500.00"
Seattle Sounders FC,,Tolo,Nouhou,D,"$300,000.00","$344,274.00"
Seattle Sounders FC,,Vargas ,Obed ,M,"$65,500.00","$74,531.00"
Sporting Kansas City,,Agada,William,F,"$200,000.00","$246,875.00"
Sporting Kansas City,Ozzie,Cisneros,Osvaldo,F,"$65,500.00","$68,500.00"
Sporting Kansas City,Jake ,Davis ,Jacob ,M,"$65,500.00","$65,500.00"
Sporting Kansas City,Cam,Duke,Cameron,M,"$90,000.00","$93,000.00"
Sporting Kansas City,,Espinoza,Roger,M,"$300,000.00","$300,000.00"
Sporting Kansas City,,Fontas,Andreu,D,"$1,125,000.00","$1,125,000.00"
Sporting Kansas City,,Ford,Kortne,D,"$150,000.00","$151,667.00"
Sporting Kansas City,,Hernandez,Felipe,M,"$85,444.00","$119,153.00"
Sporting Kansas City,,Isimat-Mirin,Nicolas,D,"$950,000.00","$1,028,124.00"
Sporting Kansas City,,Kinda,Gadi,M,"$850,000.00","$918,000.00"
Sporting Kansas City,,McIntosh,Kendall,GK,"$120,000.00","$120,000.00"
Sporting Kansas City,,Melia,Tim,GK,"$525,000.00","$529,167.00"
Sporting Kansas City,,Ndenbe,Logan ,D,"$350,000.00","$396,125.00"
Sporting Kansas City,,Pierre,Kayden ,D,"$65,500.00","$70,600.00"
Sporting Kansas City,,Pulido ,Alan,F,"$2,200,000.00","$2,200,000.00"
Sporting Kansas City,,Pulskamp,John,GK,"$89,716.00","$92,216.00"
Sporting Kansas City,,Rad,Kaveh,D,"$84,000.00","$84,000.00"
Sporting Kansas City,,Rosell,Oriol,M,"$475,000.00","$475,000.00"
Sporting Kansas City,,Russell,Johnny,F,"$2,000,000.00","$2,000,000.00"
Sporting Kansas City,,Salloi,Daniel,F,"$450,000.00","$506,667.00"
Sporting Kansas City,,Shelton,Khiry,F,"$350,000.00","$350,000.00"
Sporting Kansas City,,Sweat,Ben,D,"$200,000.00","$200,000.00"
Sporting Kansas City,,Thommy ,Erik ,M,"$1,200,000.00","$1,306,250.00"
Sporting Kansas City,,Tzionis,Marinos ,F-M,"$612,500.00","$612,500.00"
Sporting Kansas City,,Voloder,Robert ,D,"$400,000.00","$427,860.00"
Sporting Kansas City,,Walter,Remi,M,"$800,000.00","$800,000.00"
Sporting Kansas City,,Zusi,Graham,D,"$450,000.00","$450,000.00"
St. Louis SC,,Bürki,Roman,GK,"$1,500,000.00","$1,632,469.00"
St. Louis SC,,Jensen,Isak,F,"$100,000.00","$148,250.00"
St. Louis SC,,Klauss,Joao,F,"$1,230,000.00","$1,365,180.00"
St. Louis SC,,Lowen,Eduard ,M,"$1,150,000.00","$1,294,250.00"
St. Louis SC,,Nilsson,Joakim,D,"$1,074,200.00","$1,130,200.00"
St. Louis SC,,Ostrak ,Tomas,M,"$363,000.00","$457,750.00"
St. Louis SC,,Pidro ,Selmir,D,"$250,000.00","$291,875.00"
St. Louis SC,,Pompeu,Celio ,M,"$65,500.00","$65,500.00"
St. Louis SC,,Schneider,Max,M,"$65,500.00","$65,500.00"
Toronto FC,,Achara,Ifunanyachi,M,"$84,000.00","$84,000.00"
Toronto FC,,Akinola,Ayo,F,"$600,000.00","$671,875.00"
Toronto FC,Efthimios,Antonoglou,Themi,M,"$65,500.00","$65,500.00"
Toronto FC,,Bernardeschi,Federico,F,"$3,125,000.00","$6,256,322.00"
Toronto FC,,Bono,Alex,GK,"$525,000.00","$557,000.00"
Toronto FC,,Bradley,Michael,M,"$1,500,000.00","$1,500,000.00"
Toronto FC,,Chung,Kadin ,D,"$65,500.00","$70,631.00"
Toronto FC,,Criscito ,Domenico ,D,"$1,200,000.00","$1,510,000.00"
Toronto FC,,Henry,Doneil,D,"$385,000.00","$403,000.00"
Toronto FC,,Insigne,Lorenzo,F,"$14,000,000.00","$14,000,000.00"
Toronto FC,,Jimenez,Jesus ,F-M,"$815,000.00","$934,927.00"
Toronto FC,,Kaye,Mark-Anthony,M,"$700,000.00","$700,000.00"
Toronto FC,,Kerr,Deandre,M-F,"$65,500.00","$70,819.00"
Toronto FC,,Laryea,Richie,M,"$1,170,402.00","$1,276,745.00"
Toronto FC,,MacNaughton ,Lukas,D,"$84,000.00","$86,100.00"
Toronto FC,,Marshall-Rutty,Jahkeele,F,"$130,000.00","$136,842.00"
Toronto FC,,Mavinga,Chris,D,"$1,000,000.00","$1,037,500.00"
Toronto FC,,Mbongue,Hugo,F,"$65,500.00","$75,078.00"
Toronto FC,,Nelson,Jayden,F,"$130,000.00","$136,586.00"
Toronto FC,,O'Neill,Shane,D,"$320,000.00","$358,000.00"
Toronto FC,,Okello,Noble,M,"$115,000.00","$126,815.00"
Toronto FC,,Osorio,Jonathan,M,"$1,000,000.00","$1,026,250.00"
Toronto FC,,Perruzza,Jordan,F,"$84,000.00","$86,500.00"
Toronto FC,,Petrasso,Luca ,D,"$65,500.00","$70,012.00"
Toronto FC,,Ranjitsingh,Gregory,GK,"$84,000.00","$89,167.00"
Toronto FC,,Singh ,Luke ,D,"$84,000.00","$91,966.00"
Toronto FC,,Thompson ,Kosi,M,"$65,500.00","$70,760.00"
Toronto FC,,Westberg,Quentin,GK,"$300,000.00","$313,583.00"
Toronto FC,Auro Jr.,,Auro Jr.,D,"$400,000.00","$428,750.00"
Vancouver Whitecaps,,Baldisimo,Michael,M,"$107,415.00","$109,292.00"
Vancouver Whitecaps,,Berhalter,Sebastian,M,"$100,000.00","$137,250.00"
Vancouver Whitecaps,,Bikel,Janio,M,"$400,000.00","$438,750.00"
Vancouver Whitecaps,,Blackmon,Tristan,D,"$350,000.00","$401,208.00"
Vancouver Whitecaps,,Boehmer,Isaac,GK,"$65,500.00","$65,500.00"
Vancouver Whitecaps,,Brown,Javain,D,"$84,000.00","$97,481.00"
Vancouver Whitecaps,,Caicedo,Deiber,M-F,"$300,000.00","$331,125.00"
Vancouver Whitecaps,,Campagna,Matteo ,D-M,"$65,500.00","$74,512.00"
Vancouver Whitecaps,,Cavallini,Lucas,F,"$1,200,000.00","$1,462,500.00"
Vancouver Whitecaps,,Cornelius,Derek,D,"$127,050.00","$127,050.00"
Vancouver Whitecaps,,Cropper,Cody,GK,"$84,000.00","$84,000.00"
Vancouver Whitecaps,,Cubas,Andres,M,"$900,000.00","$900,000.00"
Vancouver Whitecaps,,Dajome,Cristian,F,"$750,000.00","$815,625.00"
Vancouver Whitecaps,,Egbo,David,F,"$66,724.00","$66,724.00"
Vancouver Whitecaps,,Gauld ,Ryan ,M,"$2,160,000.00","$2,265,000.00"
Vancouver Whitecaps,,Godinho,Marcus ,D,"$85,444.00","$88,444.00"
Vancouver Whitecaps,,Godoy,Erik,D,"$550,000.00","$550,000.00"
Vancouver Whitecaps,,Gressel,Julian,M,"$914,000.00","$969,781.00"
Vancouver Whitecaps,,Gutierrez,Cristian,D,"$250,000.00","$267,500.00"
Vancouver Whitecaps,,Habibullah,Kamron,M-F,"$84,000.00","$94,882.00"
Vancouver Whitecaps,,Hasal,Thomas,GK,"$155,000.00","$173,934.00"
Vancouver Whitecaps,,Jungwirth,Florian,D-M,"$550,000.00","$592,667.00"
Vancouver Whitecaps,,Martins,Luis,D,"$300,000.00","$329,000.00"
Vancouver Whitecaps,,Nerwinski,Jake,D,"$265,000.00","$280,000.00"
Vancouver Whitecaps,,Newton,Evan,GK,"$105,000.00","$114,802.00"
Vancouver Whitecaps,,Owusu,Leonard,M,"$350,000.00","$401,250.00"
Vancouver Whitecaps,,Raposo,Ryan,M,"$100,000.00","$114,000.00"
Vancouver Whitecaps,,Ricketts,Tosaint,F,"$84,000.00","$84,000.00"
Vancouver Whitecaps,,Schöpf,Alessandro,M,"$800,000.00","$892,500.00"
Vancouver Whitecaps,,Sousa e Silva,Caio Alexandre,M,"$500,000.00","$562,500.00"
Vancouver Whitecaps,,Teibert,Russell,M,"$400,000.00","$449,375.00"
Vancouver Whitecaps,,Veselinovic,Ranko,D,"$405,000.00","$490,500.00"
Vancouver Whitecaps,,Vite,Pedro ,M,"$556,000.00","$609,997.00"
Vancouver Whitecaps,,White,Brian,F,"$456,000.00","$456,000.00"